{
  "name": "minecraft:illager_mansion/illager_mansion_house",
  "fallback": "minecraft:illager_mansion/illager_mansion_house_lock",
  "elements": [
    {
      "weight": 1,
      "element": {
        "location": "minecraft:illager_mansion/mansion_house_2x4_1",
        "processors": "illager_manor_generic_degradation",
        "projection": "rigid",
        "element_type": "minecraft:single_pool_element"
      }
    },
	{
      "weight": 1,
      "element": {
        "location": "minecraft:illager_mansion/mansion_house_2x5_left_1",
        "processors": "illager_manor_generic_degradation",
        "projection": "rigid",
        "element_type": "minecraft:single_pool_element"
      }
    },
	{
      "weight": 1,
      "element": {
        "location": "minecraft:illager_mansion/mansion_house_2x5_right_1",
        "processors": "illager_manor_generic_degradation",
        "projection": "rigid",
        "element_type": "minecraft:single_pool_element"
      }
    },
	{
      "weight": 2,
      "element": {
        "location": "minecraft:illager_mansion/mansion_house_3x8_left_1",
        "processors": "illager_manor_generic_degradation",
        "projection": "rigid",
        "element_type": "minecraft:single_pool_element"
      }
    },
	{
      "weight": 2,
      "element": {
        "location": "minecraft:illager_mansion/mansion_house_3x8_right_1",
        "processors": "illager_manor_generic_degradation",
        "projection": "rigid",
        "element_type": "minecraft:single_pool_element"
      }
    },
	{
      "weight": 2,
      "element": {
        "location": "minecraft:illager_mansion/mansion_house_2library_left_1",
        "processors": "illager_manor_generic_degradation",
        "projection": "rigid",
        "element_type": "minecraft:single_pool_element"
      }
    },
	{
      "weight": 2,
      "element": {
        "location": "minecraft:illager_mansion/mansion_house_library_right_1",
        "processors": "illager_manor_generic_degradation",
        "projection": "rigid",
        "element_type": "minecraft:single_pool_element"
      }
    }
  ]
}