{
    "parent": "nova_structures:adventure/find_all_illager_structures",
    "criteria": {
        "kill_outpost_evoker": {
            "trigger": "minecraft:player_killed_entity",
            "conditions": {
                "entity": [
                    {
                        "condition": "minecraft:entity_properties",
                        "entity": "this",
                        "predicate": {
                            "type": "minecraft:evoker",
                            "location": {
                                "structures": "nova_structures:badlands_miner_outpost"
                            }
                        }
                    }
                ]
            }
        }
    },
    "display": {
        "announce_to_chat": true,
        "description": {
            "translate": "Conquer a Badlands Miner Outpost"
        },
        "frame": "task",
        "hidden": false,
        "icon": {
			"count": 1,
            "id": "minecraft:iron_pickaxe"
        },
        "show_toast": true,
        "title": {
            "translate": "Miner Inconvenience"
        }
    },
    "requirements": [
        [
            "kill_outpost_evoker"
        ]
    ],
    "sends_telemetry_event": false
}
