{
  "description": "Boss Custom Behaviour",
  "supported_items": "minecraft:stick",
  "weight": 1,
  "max_level": 1,
  "min_cost": {
    "base": 1,
    "per_level_above_first": 0
  },
  "max_cost": {
    "base": 1,
    "per_level_above_first": 0
  },
  "anvil_cost": 1,
  "slots": [
    "mainhand"
  ],
  "effects": {
    "minecraft:post_attack": [
      {
        "enchanted": "victim",
        "affected": "victim",
        "effect": {
          "type": "minecraft:run_function",
          "function": "nova_structures:spawn_guardian_minion"
        },
        "requirements": {
          "condition": "minecraft:all_of",
          "terms": [
            {
              "condition": "minecraft:any_of",
              "terms": [
                {
                  "condition": "minecraft:entity_properties",
                  "entity": "this",
                  "predicate": {
                    "type": "minecraft:elder_guardian",
                    "nbt": "{Tags:[\"elder_guardian_boss_ominous\"]}"
                  }
                },
                {
                  "condition": "minecraft:entity_properties",
                  "entity": "this",
                  "predicate": {
                    "type": "minecraft:elder_guardian",
                    "nbt": "{Tags:[\"elder_guardian_boss\"]}"
                  }
                }
              ]
            },
            {
              "condition": "minecraft:random_chance",
              "chance": 0.25
            }
          ]
        }
      },
      {
        "enchanted": "attacker",
        "affected": "victim",
        "effect": {
          "type": "minecraft:apply_mob_effect",
          "to_apply": "minecraft:poison",
          "min_duration": 3,
          "max_duration": 5,
          "min_amplifier": 2,
          "max_amplifier": 2
        },
        "requirements": {
          "condition": "minecraft:any_of",
          "terms": [
            {
              "condition": "minecraft:entity_properties",
              "entity": "attacker",
              "predicate": {
                "type": "minecraft:cave_spider",
                "nbt": "{Tags:[\"cave_spider_boss_ominous\"]}"
              }
            },
            {
              "condition": "minecraft:entity_properties",
              "entity": "attacker",
              "predicate": {
                "type": "minecraft:cave_spider",
                "nbt": "{Tags:[\"cave_spider_boss\"]}"
              }
            }
          ]
        }
      },
      {
        "enchanted": "attacker",
        "affected": "victim",
        "effect": {
          "type": "minecraft:apply_mob_effect",
          "to_apply": "minecraft:slowness",
          "min_duration": 3,
          "max_duration": 5,
          "min_amplifier": 2,
          "max_amplifier": 2
        },
        "requirements": {
          "condition": "minecraft:any_of",
          "terms": [
            {
              "condition": "minecraft:entity_properties",
              "entity": "attacker",
              "predicate": {
                "type": "minecraft:breeze",
                "nbt": "{Tags:[\"breeze_boss_ominous\"]}"
              }
            },
            {
              "condition": "minecraft:entity_properties",
              "entity": "attacker",
              "predicate": {
                "nbt": "{Tags:[\"breeze_boss\"]}"
              }
            }
          ]
        }
      }
    ]
  }
}
