{
	"description": "shulker_miniboss",
	"supported_items": "minecraft:stick",
	"weight": 1,
	"max_level": 1,
	"min_cost": {
		"base": 0,
		"per_level_above_first": 0
	},
	"max_cost": {
		"base": 0,
		"per_level_above_first": 0
	},
	"anvil_cost": 0,
	"slots": [
		"hand"
	],
	"effects": {
		"minecraft:post_attack": [
			{
				"enchanted": "attacker",
				"affected": "victim",
				"effect": {
					"type": "minecraft:apply_mob_effect",
					"to_apply": "minecraft:levitation",
					"min_duration": 5,
					"max_duration": 5,
					"min_amplifier": 2,
					"max_amplifier": 2
				}
			}
		],
		"minecraft:prevent_equipment_drop": {}
	}
}
